{
  "Positioner 1 PV": 15.86,
  "Positioner 1 RBV": 15.571815,
  "Positioner 1 HLM": 30.0,
  "Positioner 1 LLM": 12.0,
  "Positioner 1 VMAX": 5.0,
  "Positioner 1 VBAS": 0.0010000000474975,
  "Positioner 1 MRES": 5e-06,
  "Positioner 2 PV": 8.931999999999908,
  "Positioner 2 RBV": 8.931980000000001,
  "Positioner 2 HLM": 12.7,
  "Positioner 2 LLM": 0.0,
  "Positioner 2 MRES": 2e-06,
  "Positioner 3 PV": 0.0,
  "Positioner 3 RBV": 14.999796,
  "Positioner 3 HLM": 3600.0,
  "Positioner 3 LLM": -3600.0,
  "Positioner 3 MRES": 1e-06,
  "Positioner 4 PV": 10.0,
  "Positioner 4 RBV": 10.000011804549988,
  "Positioner 1 EGU": "mm",
  "Positioner 2 EGU": "mm",
  "Positioner 3 EGU": "um",
  "_last_updated": "2025-10-23 16:59:34",
  "_version": "1.0"
}